title,company,location,link
Backend Engineer,Industrious,"New York, NY",https://stackoverflow.com/jobs/524651/backend-engineer-industrious
"Full Stack Developer (Remote, Canada)",Crowdlinker,"Toronto, ON, Canada",https://stackoverflow.com/jobs/524311/full-stack-developer-remote-canada-crowdlinker
Full Stack Engineer,Beatrust Inc.,"Minato City, Japan",https://stackoverflow.com/jobs/429319/full-stack-engineer-beatrust-inc
Experienced Frontend Developer,DFDS A/S,"Copenhagen, Denmark",https://stackoverflow.com/jobs/500859/experienced-frontend-developer-dfds-a-s
Back End Developer,Attributy,No office location,https://stackoverflow.com/jobs/515519/back-end-developer-attributy
Software Engineer - Backend Node.js,adidas Zaragoza Tech Hub,"Zaragoza, Spain",https://stackoverflow.com/jobs/503427/software-engineer-backend-nodejs-adidas-zaragoza-tech-hub
(Cloud) Software Engineer (m/w/d),WGI GmbH,"Berlin, Deutschland",https://stackoverflow.com/jobs/521151/cloud-software-engineer-m-w-d-wgi-gmbh
Full Stack Developer,DFDS A/S,"Copenhagen, Denmark",https://stackoverflow.com/jobs/500860/full-stack-developer-dfds-a-s
"Senior Software Engineer (Javascript/Typescript, React/Redux,Node)",Even Financial,"New York, NY",https://stackoverflow.com/jobs/460779/senior-software-engineer-javascript-typescript-even-financial
(Senior) Full Stack Developer Fokus JavaScript (m/w/d) - Remote/deutschlandweit,IUBH Internationale Hochschule GmbH,No office location,https://stackoverflow.com/jobs/505619/senior-full-stack-developer-fokus-javascript-m-iubh-internationale
Principal Full Stack Engineer,Pliancy,"Palo Alto, CA",https://stackoverflow.com/jobs/523938/principal-full-stack-engineer-pliancy
Director of Software Engineering,Intelage,No office location,https://stackoverflow.com/jobs/458649/director-of-software-engineering-intelage
Node.js Developer (Remote),Soshace LLC,No office location,https://stackoverflow.com/jobs/524309/nodejs-developer-remote-soshace-llc
Front End Developer,Intelage,No office location,https://stackoverflow.com/jobs/478511/front-end-developer-intelage
(Senior) Fullstack Engineer - Focus: Backend,emax digital GmbH,"Munich, Germany",https://stackoverflow.com/jobs/491924/senior-fullstack-engineer-focus-backend-emax-digital-gmbh
Front-end Engineer【Full-Remote work in Japan】,PayPay Corporation.,"Minato City, Japan",https://stackoverflow.com/jobs/292635/front-end-engineer-full-remote-work-in-japan-paypay-corporation
(Senior) Full-Stack Software Engineer (m/f/d),Electry,"Berlin, Germany",https://stackoverflow.com/jobs/450785/senior-full-stack-software-engineer-m-f-d-electry
Software Engineer,Dandy,"New York, NY",https://stackoverflow.com/jobs/489610/software-engineer-dandy
Lead Node.js Developer (m/f/d),Thinksurance,"Frankfurt am Main, Deutschland",https://stackoverflow.com/jobs/487469/lead-nodejs-developer-m-f-d-thinksurance
Senior Go (Golang) Developer (m/f/d),Thinksurance,"Frankfurt am Main, Deutschland",https://stackoverflow.com/jobs/512015/senior-go-golang-developer-m-f-d-thinksurance
Senior Backend Developer,"MANSCAPED, Inc","San Diego, CA",https://stackoverflow.com/jobs/523330/senior-backend-developer-manscaped-inc
Senior JavaScript Software Engineer (m/f/d),ottonova,"München, Germany",https://stackoverflow.com/jobs/517304/senior-javascript-software-engineer-m-f-d-ottonova
Senior Backend Developer - Node.js (m/f/d),Greentube Internet Entertainment Solutions GmbH,"Vienna, Austria",https://stackoverflow.com/jobs/507611/senior-backend-developer-nodejs-m-f-d-greentube-internet
Principal Software Engineer (Node.js + TypeScript),"Unanet, Inc.",No office location,https://stackoverflow.com/jobs/521113/principal-software-engineer-nodejs-plus-typescript-unanet-inc
React Developer (Remote),Remote Crew LDA,No office location,https://stackoverflow.com/jobs/524110/react-developer-remote-remote-crew-lda
